coverage_status,title,title_key,source_type,source_file,suggested_action
exact_match,3月のライオン,3月のライオン,seo_article_card,src/app/adult-manga/page.jsx,
exact_match,BLUE GIANT,bluegiant,seo_article_card,src/app/adult-manga/page.jsx,
exact_match,ヴィンランド・サガ,ヴィンランドサガ,seo_article_card,src/app/adult-manga/page.jsx,
exact_match,きのう何食べた?,きのう何食べた,seo_article_card,src/app/adult-manga/page.jsx,
exact_match,ザ・ファブル,ザファブル,seo_article_card,src/app/adult-manga/page.jsx,
exact_match,チ。地球の運動について,チ地球の運動について,seo_article_card,src/app/adult-manga/page.jsx,
exact_match,宇宙兄弟,宇宙兄弟,seo_article_card,src/app/adult-manga/page.jsx,
missing_or_variant,重版出来!,重版出来,seo_article_card,src/app/adult-manga/page.jsx,DB未登録か表記ゆれの可能性を確認
exact_match,昭和元禄落語心中,昭和元禄落語心中,seo_article_card,src/app/adult-manga/page.jsx,
missing_or_variant,働きマン,働きマン,seo_article_card,src/app/adult-manga/page.jsx,DB未登録か表記ゆれの可能性を確認
exact_match,HUNTER×HUNTER,hunter×hunter,seo_article_card,src/app/battle-manga/page.jsx,
exact_match,ガチアクタ,ガチアクタ,seo_article_card,src/app/battle-manga/page.jsx,
exact_match,ダンダダン,ダンダダン,seo_article_card,src/app/battle-manga/page.jsx,
exact_match,チェンソーマン,チェンソマン,seo_article_card,src/app/battle-manga/page.jsx,
exact_match,マリッジトキシン,マリッジトキシン,seo_article_card,src/app/battle-manga/page.jsx,
exact_match,怪獣8号,怪獣8号,seo_article_card,src/app/battle-manga/page.jsx,
exact_match,呪術廻戦,呪術廻戦,seo_article_card,src/app/battle-manga/page.jsx,
exact_match,桃源暗鬼,桃源暗鬼,seo_article_card,src/app/battle-manga/page.jsx,
exact_match,僕のヒーローアカデミア,僕のヒロアカデミア,seo_article_card,src/app/battle-manga/page.jsx,
exact_match,幼稚園WARS,幼稚園wars,seo_article_card,src/app/battle-manga/page.jsx,
exact_match,SPY×FAMILY,spy×family,seo_article_card,src/app/beginner-manga/page.jsx,
exact_match,ダンジョン飯,ダンジョン飯,seo_article_card,src/app/beginner-manga/page.jsx,
exact_match,ハイキュー!!,ハイキュ,seo_article_card,src/app/beginner-manga/page.jsx,
exact_match,よつばと!,よつばと,seo_article_card,src/app/beginner-manga/page.jsx,
exact_match,暗殺教室,暗殺教室,seo_article_card,src/app/beginner-manga/page.jsx,
exact_match,宇宙兄弟,宇宙兄弟,seo_article_card,src/app/beginner-manga/page.jsx,
exact_match,鬼滅の刃,鬼滅の刃,seo_article_card,src/app/beginner-manga/page.jsx,
exact_match,君に届け,君に届け,seo_article_card,src/app/beginner-manga/page.jsx,
exact_match,鋼の錬金術師,鋼の錬金術師,seo_article_card,src/app/beginner-manga/page.jsx,
exact_match,僕のヒーローアカデミア,僕のヒロアカデミア,seo_article_card,src/app/beginner-manga/page.jsx,
exact_match,DEATH NOTE,deathnote,seo_article_card,src/app/binge-read-manga/page.jsx,
exact_match,アイアムアヒーロー,アイアムアヒロ,seo_article_card,src/app/binge-read-manga/page.jsx,
exact_match,キングダム,キングダム,seo_article_card,src/app/binge-read-manga/page.jsx,
exact_match,ゴールデンカムイ,ゴルデンカムイ,seo_article_card,src/app/binge-read-manga/page.jsx,
exact_match,ダンジョン飯,ダンジョン飯,seo_article_card,src/app/binge-read-manga/page.jsx,
exact_match,寄生獣,寄生獣,seo_article_card,src/app/binge-read-manga/page.jsx,
exact_match,鋼の錬金術師,鋼の錬金術師,seo_article_card,src/app/binge-read-manga/page.jsx,
missing_or_variant,東京喰種トーキョーグール,東京喰種トキョグル,seo_article_card,src/app/binge-read-manga/page.jsx,DB未登録か表記ゆれの可能性を確認
exact_match,僕だけがいない街,僕だけがいない街,seo_article_card,src/app/binge-read-manga/page.jsx,
exact_match,約束のネバーランド,約束のネバランド,seo_article_card,src/app/binge-read-manga/page.jsx,
exact_match,BLEACH,bleach,seo_article_card,src/app/completed-manga/page.jsx,
exact_match,DEATH NOTE,deathnote,seo_article_card,src/app/completed-manga/page.jsx,
exact_match,NARUTO -ナルト-,narutoナルト,seo_article_card,src/app/completed-manga/page.jsx,
exact_match,SLAM DUNK,slamdunk,seo_article_card,src/app/completed-manga/page.jsx,
exact_match,うしおととら,うしおととら,seo_article_card,src/app/completed-manga/page.jsx,
exact_match,ダンジョン飯,ダンジョン飯,seo_article_card,src/app/completed-manga/page.jsx,
exact_match,暗殺教室,暗殺教室,seo_article_card,src/app/completed-manga/page.jsx,
exact_match,寄生獣,寄生獣,seo_article_card,src/app/completed-manga/page.jsx,
exact_match,鬼滅の刃,鬼滅の刃,seo_article_card,src/app/completed-manga/page.jsx,
exact_match,鋼の錬金術師,鋼の錬金術師,seo_article_card,src/app/completed-manga/page.jsx,
exact_match,orange,orange,seo_article_card,src/app/completed-romance-manga/page.jsx,
exact_match,アオハライド,アオハライド,seo_article_card,src/app/completed-romance-manga/page.jsx,
exact_match,ハチミツとクローバー,ハチミツとクロバ,seo_article_card,src/app/completed-romance-manga/page.jsx,
exact_match,フルーツバスケット,フルツバスケット,seo_article_card,src/app/completed-romance-manga/page.jsx,
exact_match,めぞん一刻,めぞん一刻,seo_article_card,src/app/completed-romance-manga/page.jsx,
exact_match,俺物語!!,俺物語,seo_article_card,src/app/completed-romance-manga/page.jsx,
exact_match,花より男子,花より男子,seo_article_card,src/app/completed-romance-manga/page.jsx,
exact_match,君に届け,君に届け,seo_article_card,src/app/completed-romance-manga/page.jsx,
exact_match,僕等がいた,僕等がいた,seo_article_card,src/app/completed-romance-manga/page.jsx,
exact_match,聲の形,聲の形,seo_article_card,src/app/completed-romance-manga/page.jsx,
exact_match,3月のライオン,3月のライオン,seo_article_card,src/app/emotional-manga/page.jsx,
exact_match,orange,orange,seo_article_card,src/app/emotional-manga/page.jsx,
exact_match,あの日見た花の名前を僕達はまだ知らない。,あの日見た花の名前を僕達はまだ知らない,seo_article_card,src/app/emotional-manga/page.jsx,
exact_match,ハチミツとクローバー,ハチミツとクロバ,seo_article_card,src/app/emotional-manga/page.jsx,
exact_match,フルーツバスケット,フルツバスケット,seo_article_card,src/app/emotional-manga/page.jsx,
exact_match,宇宙兄弟,宇宙兄弟,seo_article_card,src/app/emotional-manga/page.jsx,
exact_match,夏目友人帳,夏目友人帳,seo_article_card,src/app/emotional-manga/page.jsx,
exact_match,金色のガッシュ!!,金色のガッシュ,seo_article_card,src/app/emotional-manga/page.jsx,
exact_match,四月は君の嘘,四月は君の嘘,seo_article_card,src/app/emotional-manga/page.jsx,
exact_match,聲の形,聲の形,seo_article_card,src/app/emotional-manga/page.jsx,
exact_match,FAIRY TAIL,fairytail,seo_article_card,src/app/fantasy-manga/page.jsx,
exact_match,ダンジョン飯,ダンジョン飯,seo_article_card,src/app/fantasy-manga/page.jsx,
exact_match,とんがり帽子のアトリエ,とんがり帽子のアトリエ,seo_article_card,src/app/fantasy-manga/page.jsx,
exact_match,ベルセルク,ベルセルク,seo_article_card,src/app/fantasy-manga/page.jsx,
exact_match,マギ,マギ,seo_article_card,src/app/fantasy-manga/page.jsx,
exact_match,メイドインアビス,メイドインアビス,seo_article_card,src/app/fantasy-manga/page.jsx,
missing_or_variant,七つの大罪,七つの大罪,seo_article_card,src/app/fantasy-manga/page.jsx,DB未登録か表記ゆれの可能性を確認
exact_match,葬送のフリーレン,葬送のフリレン,seo_article_card,src/app/fantasy-manga/page.jsx,
exact_match,転生したらスライムだった件,転生したらスライムだった件,seo_article_card,src/app/fantasy-manga/page.jsx,
exact_match,魔法使いの嫁,魔法使いの嫁,seo_article_card,src/app/fantasy-manga/page.jsx,
exact_match,ARIA,aria,seo_article_card,src/app/healing-manga/page.jsx,
exact_match,うちの会社の小さい先輩の話,うちの会社の小さい先輩の話,seo_article_card,src/app/healing-manga/page.jsx,
missing_or_variant,うめともものふつうの暮らし,うめともものふつうの暮らし,seo_article_card,src/app/healing-manga/page.jsx,DB未登録か表記ゆれの可能性を確認
exact_match,スキップとローファー,スキップとロファ,seo_article_card,src/app/healing-manga/page.jsx,
exact_match,ばらかもん,ばらかもん,seo_article_card,src/app/healing-manga/page.jsx,
missing_or_variant,フードコートで、また明日。,フドコトで、また明日,seo_article_card,src/app/healing-manga/page.jsx,DB未登録か表記ゆれの可能性を確認
exact_match,ふらいんぐうぃっち,ふらいんぐうぃっち,seo_article_card,src/app/healing-manga/page.jsx,
exact_match,よつばと!,よつばと,seo_article_card,src/app/healing-manga/page.jsx,
missing_or_variant,ラーメン赤猫,ラメン赤猫,seo_article_card,src/app/healing-manga/page.jsx,DB未登録か表記ゆれの可能性を確認
exact_match,焼いてるふたり,焼いてるふたり,seo_article_card,src/app/healing-manga/page.jsx,
exact_match,3月のライオン,3月のライオン,seo_article_card,src/app/high-school-manga/page.jsx,
exact_match,アオハライド,アオハライド,seo_article_card,src/app/high-school-manga/page.jsx,
exact_match,スキップとローファー,スキップとロファ,seo_article_card,src/app/high-school-manga/page.jsx,
exact_match,ちはやふる,ちはやふる,seo_article_card,src/app/high-school-manga/page.jsx,
exact_match,ハイキュー!!,ハイキュ,seo_article_card,src/app/high-school-manga/page.jsx,
exact_match,ブルーピリオド,ブルピリオド,seo_article_card,src/app/high-school-manga/page.jsx,
exact_match,暗殺教室,暗殺教室,seo_article_card,src/app/high-school-manga/page.jsx,
missing_or_variant,銀の匙,銀の匙,seo_article_card,src/app/high-school-manga/page.jsx,DB未登録か表記ゆれの可能性を確認
exact_match,君に届け,君に届け,seo_article_card,src/app/high-school-manga/page.jsx,
exact_match,僕等がいた,僕等がいた,seo_article_card,src/app/high-school-manga/page.jsx,
exact_match,アイアムアヒーロー,アイアムアヒロ,seo_article_card,src/app/horror-manga/page.jsx,
exact_match,うずまき,うずまき,seo_article_card,src/app/horror-manga/page.jsx,
missing_or_variant,ガンニバル,ガンニバル,seo_article_card,src/app/horror-manga/page.jsx,DB未登録か表記ゆれの可能性を確認
missing_or_variant,ミスミソウ,ミスミソウ,seo_article_card,src/app/horror-manga/page.jsx,DB未登録か表記ゆれの可能性を確認
exact_match,メイドインアビス,メイドインアビス,seo_article_card,src/app/horror-manga/page.jsx,
exact_match,伊藤潤二傑作集,伊藤潤二傑作集,seo_article_card,src/app/horror-manga/page.jsx,
exact_match,寄生獣,寄生獣,seo_article_card,src/app/horror-manga/page.jsx,
exact_match,血の轍,血の轍,seo_article_card,src/app/horror-manga/page.jsx,
missing_or_variant,東京喰種トーキョーグール,東京喰種トキョグル,seo_article_card,src/app/horror-manga/page.jsx,DB未登録か表記ゆれの可能性を確認
exact_match,漂流教室,漂流教室,seo_article_card,src/app/horror-manga/page.jsx,
exact_match,Re:ゼロから始める異世界生活,reゼロから始める異世界生活,seo_article_card,src/app/isekai-manga/page.jsx,
exact_match,オーバーロード,オバロド,seo_article_card,src/app/isekai-manga/page.jsx,
exact_match,この素晴らしい世界に祝福を!,この素晴らしい世界に祝福を,seo_article_card,src/app/isekai-manga/page.jsx,
exact_match,ダンジョン飯,ダンジョン飯,seo_article_card,src/app/isekai-manga/page.jsx,
exact_match,異世界おじさん,異世界おじさん,seo_article_card,src/app/isekai-manga/page.jsx,
exact_match,盾の勇者の成り上がり,盾の勇者の成り上がり,seo_article_card,src/app/isekai-manga/page.jsx,
exact_match,転生したらスライムだった件,転生したらスライムだった件,seo_article_card,src/app/isekai-manga/page.jsx,
exact_match,本好きの下剋上,本好きの下剋上,seo_article_card,src/app/isekai-manga/page.jsx,
exact_match,無職転生,無職転生,seo_article_card,src/app/isekai-manga/page.jsx,
exact_match,幼女戦記,幼女戦記,seo_article_card,src/app/isekai-manga/page.jsx,
exact_match,SPY×FAMILY,spy×family,seo_article_card,src/app/lighthearted-manga/page.jsx,
exact_match,からかい上手の高木さん,からかい上手の高木さん,seo_article_card,src/app/lighthearted-manga/page.jsx,
missing_or_variant,しろくまカフェ,しろくまカフェ,seo_article_card,src/app/lighthearted-manga/page.jsx,DB未登録か表記ゆれの可能性を確認
exact_match,スキップとローファー,スキップとロファ,seo_article_card,src/app/lighthearted-manga/page.jsx,
exact_match,ばらかもん,ばらかもん,seo_article_card,src/app/lighthearted-manga/page.jsx,
exact_match,ふらいんぐうぃっち,ふらいんぐうぃっち,seo_article_card,src/app/lighthearted-manga/page.jsx,
exact_match,ゆるキャン△,ゆるキャン△,seo_article_card,src/app/lighthearted-manga/page.jsx,
exact_match,よつばと!,よつばと,seo_article_card,src/app/lighthearted-manga/page.jsx,
missing_or_variant,銀の匙,銀の匙,seo_article_card,src/app/lighthearted-manga/page.jsx,DB未登録か表記ゆれの可能性を確認
exact_match,日常,日常,seo_article_card,src/app/lighthearted-manga/page.jsx,
exact_match,Dr.STONE,drstone,seo_article_card,src/app/middle-school-manga/page.jsx,
exact_match,SPY×FAMILY,spy×family,seo_article_card,src/app/middle-school-manga/page.jsx,
exact_match,ハイキュー!!,ハイキュ,seo_article_card,src/app/middle-school-manga/page.jsx,
exact_match,よつばと!,よつばと,seo_article_card,src/app/middle-school-manga/page.jsx,
exact_match,ワールドトリガー,ワルドトリガ,seo_article_card,src/app/middle-school-manga/page.jsx,
exact_match,暗殺教室,暗殺教室,seo_article_card,src/app/middle-school-manga/page.jsx,
exact_match,鬼滅の刃,鬼滅の刃,seo_article_card,src/app/middle-school-manga/page.jsx,
missing_or_variant,銀の匙,銀の匙,seo_article_card,src/app/middle-school-manga/page.jsx,DB未登録か表記ゆれの可能性を確認
exact_match,僕のヒーローアカデミア,僕のヒロアカデミア,seo_article_card,src/app/middle-school-manga/page.jsx,
exact_match,約束のネバーランド,約束のネバランド,seo_article_card,src/app/middle-school-manga/page.jsx,
exact_match,20世紀少年,20世紀少年,seo_article_card,src/app/mystery-manga/page.jsx,
exact_match,DEATH NOTE,deathnote,seo_article_card,src/app/mystery-manga/page.jsx,
exact_match,MONSTER,monster,seo_article_card,src/app/mystery-manga/page.jsx,
exact_match,おかえりアリス,おかえりアリス,seo_article_card,src/app/mystery-manga/page.jsx,
exact_match,サマータイムレンダ,サマタイムレンダ,seo_article_card,src/app/mystery-manga/page.jsx,
exact_match,ミステリと言う勿れ,ミステリと言う勿れ,seo_article_card,src/app/mystery-manga/page.jsx,
exact_match,少年のアビス,少年のアビス,seo_article_card,src/app/mystery-manga/page.jsx,
missing_or_variant,聖母の断罪,聖母の断罪,seo_article_card,src/app/mystery-manga/page.jsx,DB未登録か表記ゆれの可能性を確認
exact_match,約束のネバーランド,約束のネバランド,seo_article_card,src/app/mystery-manga/page.jsx,
missing_or_variant,裏バイト:逃亡禁止,裏バイト逃亡禁止,seo_article_card,src/app/mystery-manga/page.jsx,DB未登録か表記ゆれの可能性を確認
exact_match,ガチアクタ,ガチアクタ,seo_article_card,src/app/new-manga-2020s/page.jsx,
exact_match,ダンダダン,ダンダダン,seo_article_card,src/app/new-manga-2020s/page.jsx,
missing_or_variant,フードコートで、また明日。,フドコトで、また明日,seo_article_card,src/app/new-manga-2020s/page.jsx,DB未登録か表記ゆれの可能性を確認
exact_match,マリッジトキシン,マリッジトキシン,seo_article_card,src/app/new-manga-2020s/page.jsx,
exact_match,メダリスト,メダリスト,seo_article_card,src/app/new-manga-2020s/page.jsx,
exact_match,ルリドラゴン,ルリドラゴン,seo_article_card,src/app/new-manga-2020s/page.jsx,
exact_match,極楽街,極楽街,seo_article_card,src/app/new-manga-2020s/page.jsx,
exact_match,薫る花は凛と咲く,薫る花は凛と咲く,seo_article_card,src/app/new-manga-2020s/page.jsx,
exact_match,桃源暗鬼,桃源暗鬼,seo_article_card,src/app/new-manga-2020s/page.jsx,
exact_match,幼稚園WARS,幼稚園wars,seo_article_card,src/app/new-manga-2020s/page.jsx,
missing_or_variant,classic,classic,theme_article_card,src/app/page.jsx,DB未登録か表記ゆれの可能性を確認
missing_or_variant,romance,romance,theme_article_card,src/app/page.jsx,DB未登録か表記ゆれの可能性を確認
missing_or_variant,sports,sports,theme_article_card,src/app/page.jsx,DB未登録か表記ゆれの可能性を確認
missing_or_variant,workplace,workplace,theme_article_card,src/app/page.jsx,DB未登録か表記ゆれの可能性を確認
exact_match,NANA,nana,seo_article_card,src/app/romance-manga/page.jsx,
exact_match,アオハライド,アオハライド,seo_article_card,src/app/romance-manga/page.jsx,
exact_match,ハチミツとクローバー,ハチミツとクロバ,seo_article_card,src/app/romance-manga/page.jsx,
exact_match,フルーツバスケット,フルツバスケット,seo_article_card,src/app/romance-manga/page.jsx,
exact_match,俺物語!!,俺物語,seo_article_card,src/app/romance-manga/page.jsx,
exact_match,花より男子,花より男子,seo_article_card,src/app/romance-manga/page.jsx,
exact_match,君に届け,君に届け,seo_article_card,src/app/romance-manga/page.jsx,
exact_match,町田くんの世界,町田くんの世界,seo_article_card,src/app/romance-manga/page.jsx,
exact_match,僕等がいた,僕等がいた,seo_article_card,src/app/romance-manga/page.jsx,
missing_or_variant,恋は雨上がりのように,恋は雨上がりのように,seo_article_card,src/app/romance-manga/page.jsx,DB未登録か表記ゆれの可能性を確認
exact_match,SLAM DUNK,slamdunk,seo_article_card,src/app/sports-manga/page.jsx,
exact_match,アオアシ,アオアシ,seo_article_card,src/app/sports-manga/page.jsx,
exact_match,おおきく振りかぶって,おおきく振りかぶって,seo_article_card,src/app/sports-manga/page.jsx,
exact_match,ダイヤのA,ダイヤのa,seo_article_card,src/app/sports-manga/page.jsx,
exact_match,ちはやふる,ちはやふる,seo_article_card,src/app/sports-manga/page.jsx,
exact_match,ハイキュー!!,ハイキュ,seo_article_card,src/app/sports-manga/page.jsx,
exact_match,ピンポン,ピンポン,seo_article_card,src/app/sports-manga/page.jsx,
exact_match,ブルーロック,ブルロック,seo_article_card,src/app/sports-manga/page.jsx,
exact_match,リアル,リアル,seo_article_card,src/app/sports-manga/page.jsx,
exact_match,弱虫ペダル,弱虫ペダル,seo_article_card,src/app/sports-manga/page.jsx,
exact_match,AKIRA,akira,theme_article_card,src/app/themeData.js,
exact_match,ARIA,aria,theme_article_card,src/app/themeData.js,
exact_match,BE BLUES!～青になれ～,beblues青になれ,theme_article_card,src/app/themeData.js,
exact_match,BLUE GIANT,bluegiant,theme_article_card,src/app/themeData.js,
exact_match,BURN THE WITCH,burnthewitch,theme_article_card,src/app/themeData.js,
exact_match,DEATH NOTE,deathnote,theme_article_card,src/app/themeData.js,
exact_match,MONSTER,monster,theme_article_card,src/app/themeData.js,
exact_match,NANA,nana,theme_article_card,src/app/themeData.js,
exact_match,SLAM DUNK,slamdunk,theme_article_card,src/app/themeData.js,
exact_match,アオアシ,アオアシ,theme_article_card,src/app/themeData.js,
exact_match,アオのハコ,アオのハコ,theme_article_card,src/app/themeData.js,
missing_or_variant,あさひなぐ,あさひなぐ,theme_article_card,src/app/themeData.js,DB未登録か表記ゆれの可能性を確認
exact_match,うちの会社の小さい先輩の話,うちの会社の小さい先輩の話,theme_article_card,src/app/themeData.js,
missing_or_variant,うめともものふつうの暮らし,うめともものふつうの暮らし,theme_article_card,src/app/themeData.js,DB未登録か表記ゆれの可能性を確認
exact_match,おかえりアリス,おかえりアリス,theme_article_card,src/app/themeData.js,
exact_match,カッコウの許嫁,カッコウの許嫁,theme_article_card,src/app/themeData.js,
exact_match,カノジョも彼女,カノジョも彼女,theme_article_card,src/app/themeData.js,
missing_or_variant,ガンニバル,ガンニバル,theme_article_card,src/app/themeData.js,DB未登録か表記ゆれの可能性を確認
exact_match,きのう何食べた?,きのう何食べた,theme_article_card,src/app/themeData.js,
exact_match,きみに恋する殺人鬼,きみに恋する殺人鬼,theme_article_card,src/app/themeData.js,
exact_match,サマータイムレンダ,サマタイムレンダ,theme_article_card,src/app/themeData.js,
exact_match,シャングリラ・フロンティア,シャングリラフロンティア,theme_article_card,src/app/themeData.js,
exact_match,ジョジョの奇妙な冒険,ジョジョの奇妙な冒険,theme_article_card,src/app/themeData.js,
exact_match,スキップとローファー,スキップとロファ,theme_article_card,src/app/themeData.js,
exact_match,それでも町は廻っている,それでも町は廻っている,theme_article_card,src/app/themeData.js,
exact_match,ダイヤのA,ダイヤのa,theme_article_card,src/app/themeData.js,
exact_match,ダンジョン飯,ダンジョン飯,theme_article_card,src/app/themeData.js,
exact_match,チェンソーマン,チェンソマン,theme_article_card,src/app/themeData.js,
exact_match,ちはやふる,ちはやふる,theme_article_card,src/app/themeData.js,
exact_match,ドラゴンボール,ドラゴンボル,theme_article_card,src/app/themeData.js,
exact_match,とんがり帽子のアトリエ,とんがり帽子のアトリエ,theme_article_card,src/app/themeData.js,
exact_match,ハイキュー!!,ハイキュ,theme_article_card,src/app/themeData.js,
missing_or_variant,ハコヅメ,ハコヅメ,theme_article_card,src/app/themeData.js,DB未登録か表記ゆれの可能性を確認
exact_match,ばらかもん,ばらかもん,theme_article_card,src/app/themeData.js,
missing_or_variant,フードコートで、また明日。,フドコトで、また明日,theme_article_card,src/app/themeData.js,DB未登録か表記ゆれの可能性を確認
exact_match,ふらいんぐうぃっち,ふらいんぐうぃっち,theme_article_card,src/app/themeData.js,
exact_match,ブラック・ジャック,ブラックジャック,theme_article_card,src/app/themeData.js,
exact_match,プラネテス,プラネテス,theme_article_card,src/app/themeData.js,
exact_match,ブルーロック,ブルロック,theme_article_card,src/app/themeData.js,
exact_match,ベルセルク,ベルセルク,theme_article_card,src/app/themeData.js,
exact_match,マリッジトキシン,マリッジトキシン,theme_article_card,src/app/themeData.js,
exact_match,ミステリと言う勿れ,ミステリと言う勿れ,theme_article_card,src/app/themeData.js,
missing_or_variant,ミスミソウ,ミスミソウ,theme_article_card,src/app/themeData.js,DB未登録か表記ゆれの可能性を確認
exact_match,メイカさんは押しころせない,メイカさんは押しころせない,theme_article_card,src/app/themeData.js,
exact_match,メダリスト,メダリスト,theme_article_card,src/app/themeData.js,
exact_match,よつばと!,よつばと,theme_article_card,src/app/themeData.js,
missing_or_variant,ラーメン赤猫,ラメン赤猫,theme_article_card,src/app/themeData.js,DB未登録か表記ゆれの可能性を確認
exact_match,ルリドラゴン,ルリドラゴン,theme_article_card,src/app/themeData.js,
exact_match,悪役令嬢レベル99 ～私は裏ボスですが魔王ではありません～,悪役令嬢レベル99私は裏ボスですが魔王ではありません,theme_article_card,src/app/themeData.js,
missing_or_variant,異世界黙示録マイノグーラ,異世界黙示録マイノグラ,theme_article_card,src/app/themeData.js,DB未登録か表記ゆれの可能性を確認
exact_match,宇宙兄弟,宇宙兄弟,theme_article_card,src/app/themeData.js,
missing_or_variant,沖縄で好きになった子が方言すぎてツラすぎる,沖縄で好きになった子が方言すぎてツラすぎる,theme_article_card,src/app/themeData.js,DB未登録か表記ゆれの可能性を確認
exact_match,火の鳥,火の鳥,theme_article_card,src/app/themeData.js,
exact_match,怪獣8号,怪獣8号,theme_article_card,src/app/themeData.js,
exact_match,甘神さんちの縁結び,甘神さんちの縁結び,theme_article_card,src/app/themeData.js,
exact_match,寄生獣,寄生獣,theme_article_card,src/app/themeData.js,
exact_match,薫る花は凛と咲く,薫る花は凛と咲く,theme_article_card,src/app/themeData.js,
missing_or_variant,結婚するって、本当ですか,結婚するって、本当ですか,theme_article_card,src/app/themeData.js,DB未登録か表記ゆれの可能性を確認
exact_match,血の轍,血の轍,theme_article_card,src/app/themeData.js,
exact_match,光が死んだ夏,光が死んだ夏,theme_article_card,src/app/themeData.js,
exact_match,口が裂けても君には,口が裂けても君には,theme_article_card,src/app/themeData.js,
exact_match,攻殻機動隊,攻殻機動隊,theme_article_card,src/app/themeData.js,
exact_match,黒岩メダカに私の可愛いが通じない,黒岩メダカに私の可愛いが通じない,theme_article_card,src/app/themeData.js,
missing_or_variant,左ききのエレン,左ききのエレン,theme_article_card,src/app/themeData.js,DB未登録か表記ゆれの可能性を確認
missing_or_variant,最弱テイマーはゴミ拾いの旅を始めました。,最弱テイマはゴミ拾いの旅を始めました,theme_article_card,src/app/themeData.js,DB未登録か表記ゆれの可能性を確認
exact_match,紙袋くんは恋してる,紙袋くんは恋してる,theme_article_card,src/app/themeData.js,
exact_match,弱虫ペダル,弱虫ペダル,theme_article_card,src/app/themeData.js,
exact_match,十字架のろくにん,十字架のろくにん,theme_article_card,src/app/themeData.js,
missing_or_variant,重版出来!,重版出来,theme_article_card,src/app/themeData.js,DB未登録か表記ゆれの可能性を確認
exact_match,少年のアビス,少年のアビス,theme_article_card,src/app/themeData.js,
exact_match,焼いてるふたり,焼いてるふたり,theme_article_card,src/app/themeData.js,
missing_or_variant,聖母の断罪,聖母の断罪,theme_article_card,src/app/themeData.js,DB未登録か表記ゆれの可能性を確認
exact_match,葬送のフリーレン,葬送のフリレン,theme_article_card,src/app/themeData.js,
exact_match,超人X,超人x,theme_article_card,src/app/themeData.js,
exact_match,転生したら第七王子だったので、気ままに魔術を極めます,転生したら第七王子だったので、気ままに魔術を極めます,theme_article_card,src/app/themeData.js,
missing_or_variant,難攻不落の魔王城へようこそ,難攻不落の魔王城へようこそ,theme_article_card,src/app/themeData.js,DB未登録か表記ゆれの可能性を確認
exact_match,彼方のアストラ,彼方のアストラ,theme_article_card,src/app/themeData.js,
missing_or_variant,亡びの国の征服者,亡びの国の征服者,theme_article_card,src/app/themeData.js,DB未登録か表記ゆれの可能性を確認
exact_match,約束のネバーランド,約束のネバランド,theme_article_card,src/app/themeData.js,
exact_match,幼稚園WARS,幼稚園wars,theme_article_card,src/app/themeData.js,
missing_or_variant,裏バイト:逃亡禁止,裏バイト逃亡禁止,theme_article_card,src/app/themeData.js,DB未登録か表記ゆれの可能性を確認
exact_match,うちの会社の小さい先輩の話,うちの会社の小さい先輩の話,seo_article_card,src/app/working-adult-manga/page.jsx,
exact_match,きのう何食べた?,きのう何食べた,seo_article_card,src/app/working-adult-manga/page.jsx,
missing_or_variant,ハコヅメ,ハコヅメ,seo_article_card,src/app/working-adult-manga/page.jsx,DB未登録か表記ゆれの可能性を確認
missing_or_variant,フードコートで、また明日。,フドコトで、また明日,seo_article_card,src/app/working-adult-manga/page.jsx,DB未登録か表記ゆれの可能性を確認
missing_or_variant,ラーメン赤猫,ラメン赤猫,seo_article_card,src/app/working-adult-manga/page.jsx,DB未登録か表記ゆれの可能性を確認
exact_match,宇宙兄弟,宇宙兄弟,seo_article_card,src/app/working-adult-manga/page.jsx,
missing_or_variant,結婚するって、本当ですか,結婚するって、本当ですか,seo_article_card,src/app/working-adult-manga/page.jsx,DB未登録か表記ゆれの可能性を確認
missing_or_variant,左ききのエレン,左ききのエレン,seo_article_card,src/app/working-adult-manga/page.jsx,DB未登録か表記ゆれの可能性を確認
missing_or_variant,重版出来!,重版出来,seo_article_card,src/app/working-adult-manga/page.jsx,DB未登録か表記ゆれの可能性を確認
exact_match,焼いてるふたり,焼いてるふたり,seo_article_card,src/app/working-adult-manga/page.jsx,
exact_match,BLUE GIANT,bluegiant,seo_article_card,src/app/workplace-manga/page.jsx,
missing_or_variant,インベスターZ,インベスタz,seo_article_card,src/app/workplace-manga/page.jsx,DB未登録か表記ゆれの可能性を確認
exact_match,きのう何食べた?,きのう何食べた,seo_article_card,src/app/workplace-manga/page.jsx,
missing_or_variant,ハコヅメ,ハコヅメ,seo_article_card,src/app/workplace-manga/page.jsx,DB未登録か表記ゆれの可能性を確認
missing_or_variant,ラーメン赤猫,ラメン赤猫,seo_article_card,src/app/workplace-manga/page.jsx,DB未登録か表記ゆれの可能性を確認
exact_match,宇宙兄弟,宇宙兄弟,seo_article_card,src/app/workplace-manga/page.jsx,
missing_or_variant,結婚するって、本当ですか,結婚するって、本当ですか,seo_article_card,src/app/workplace-manga/page.jsx,DB未登録か表記ゆれの可能性を確認
missing_or_variant,左ききのエレン,左ききのエレン,seo_article_card,src/app/workplace-manga/page.jsx,DB未登録か表記ゆれの可能性を確認
missing_or_variant,重版出来!,重版出来,seo_article_card,src/app/workplace-manga/page.jsx,DB未登録か表記ゆれの可能性を確認
missing_or_variant,働きマン,働きマン,seo_article_card,src/app/workplace-manga/page.jsx,DB未登録か表記ゆれの可能性を確認
